{"cameraMode":{"drawMode":0,"name":"Shaded","section":"Shading Mode"},"sceneLighting":false,"audioPlay":false,"sceneViewState":{"showFog":true,"showMaterialUpdate":false,"showSkybox":false,"showFlares":true,"showImageEffects":true,"showParticleSystems":true},"in2DMode":false,"pivot":{"x":0.0,"y":2.9802322387695315e-8,"z":-9.279999732971192},"rotation":{"x":0.06421521306037903,"y":-0.8422863483428955,"z":0.10281562805175781,"w":0.5253852009773254},"size":22.52080726623535,"orthographic":false}